<?xml version="1.0" encoding="UTF-8"?>
<Module xmlns:xsi='http://www.w3.org/2001/XMLSchema-instance'
        xsi:noNamespaceSchemaLocation="https://raw.githubusercontent.com/BUTR/Bannerlord.XmlSchemas/master/SubModule.xsd" >
  <Id value="AccelerateGrowth" />
  <Name value="AccelerateGrowth" />
  <Version value="v0.0.1" />
  <DefaultModule value="false" />
  <ModuleCategory value="Singleplayer"/>
  <ModuleType value="Community" />
  <Url value="$moduleurl$" />
  <DependedModules>
    <DependedModule Id="Bannerlord.Harmony" DependentVersion="v2.2.2" />
    <DependedModule Id="Bannerlord.ButterLib" DependentVersion="v2.8.0" />
    <DependedModule Id="Bannerlord.UIExtenderEx" DependentVersion="v2.8.0" />
    <DependedModule Id="Bannerlord.MBOptionScreen" DependentVersion="v5.7.1" />
    <DependedModule Id="Native" />
    <DependedModule Id="SandBoxCore" />
    <DependedModule Id="Sandbox" />
    <DependedModule Id="StoryMode" />
    <DependedModule Id="CustomBattle" />
  </DependedModules>
  <!-- Community Dependency Metadata -->
  <!-- https://github.com/BUTR/Bannerlord.BLSE#community-dependency-metadata -->
  <DependedModuleMetadatas>
    <DependedModuleMetadata id="Bannerlord.Harmony" order="LoadBeforeThis" version="v2.3.3" />
    <!--DependedModuleMetadata id="Bannerlord.ButterLib" order="LoadBeforeThis" version="v2.9.18" / -->
	<DependedModuleMetadata id="Bannerlord.ButterLib" order="LoadBeforeThis" version="v2.9.10" />
    <DependedModuleMetadata id="Bannerlord.UIExtenderEx" order="LoadBeforeThis" version="v2.12.0" />
    <!--DependedModuleMetadata id="Bannerlord.MBOptionScreen" order="LoadBeforeThis" version="v5.10.2" / -->
	<DependedModuleMetadata id="Bannerlord.MBOptionScreen" order="LoadBeforeThis" version="v5.10.1" />
    <DependedModuleMetadata id="Native" order="LoadBeforeThis" />
    <DependedModuleMetadata id="SandBoxCore" order="LoadBeforeThis" />
    <DependedModuleMetadata id="Sandbox" order="LoadBeforeThis" />
    <DependedModuleMetadata id="StoryMode" order="LoadBeforeThis" />
    <DependedModuleMetadata id="CustomBattle" order="LoadBeforeThis" />
  </DependedModuleMetadatas>
  <!-- Community Dependency Metadata -->
  <SubModules>
    <SubModule>
      <Name value="AccelerateGrowth" />
      <DLLName value="AccelerateGrowth.dll" />
      <SubModuleClassType value="AccelerateGrowth.SubModule" />
      <Tags />
    </SubModule>
  </SubModules>
</Module>
